{"cameraMode":{"drawMode":0,"name":"Shaded","section":"Shading Mode"},"sceneLighting":true,"audioPlay":false,"sceneViewState":{"m_AlwaysRefresh":false,"showFog":true,"showSkybox":true,"showFlares":true,"showImageEffects":true,"showParticleSystems":true,"showVisualEffectGraphs":true,"m_FxEnabled":true},"in2DMode":false,"pivot":{"x":4.671716213226318,"y":39.49250411987305,"z":49.978363037109378},"rotation":{"x":0.11535356193780899,"y":-0.8494722247123718,"z":0.20817184448242188,"w":0.4708326756954193},"size":27.351707458496095,"orthographic":false}