{"cameraMode":{"drawMode":0,"name":"Shaded","section":"Shading Mode"},"sceneLighting":true,"audioPlay":false,"sceneViewState":{"m_AlwaysRefresh":false,"showFog":true,"showSkybox":true,"showFlares":true,"showImageEffects":true,"showParticleSystems":true,"showVisualEffectGraphs":true,"m_FxEnabled":true},"in2DMode":false,"pivot":{"x":8.923179626464844,"y":41.38041687011719,"z":61.33968734741211},"rotation":{"x":0.13902105391025544,"y":0.42590034008026125,"z":-0.06666785478591919,"w":0.8914446234703064},"size":23.047834396362306,"orthographic":false}