{"cameraMode":{"drawMode":0,"name":"Shaded","section":"Shading Mode"},"sceneLighting":true,"audioPlay":false,"sceneViewState":{"m_AlwaysRefresh":false,"showFog":true,"showSkybox":true,"showFlares":true,"showImageEffects":true,"showParticleSystems":true,"showVisualEffectGraphs":true,"m_FxEnabled":true},"in2DMode":false,"pivot":{"x":-20.626392364501954,"y":8.064270973205567,"z":8.241412162780762},"rotation":{"x":-0.04002327844500542,"y":0.7141497731208801,"z":-0.040974270552396777,"w":-0.6976333856582642},"size":30.202722549438478,"orthographic":false}